,siteModel_buildings_polygon_exteriorRing_edges_id,siteModel_buildings_polygon_exteriorRing_edges_bearingVector,siteModel_buildings_polygon_exteriorRing_edges_angleBetweenBearingVectorAndUpVector,siteModel_buildings_polygon_exteriorRing_edges_angleBetweenBearingVectorAndRightVector,siteModel_buildings_polygon_exteriorRing_edges_edgeCondition,siteModel_buildings_polygon_exteriorRing_edges_sidingMaterial,siteModel_buildings_polygon_exteriorRing_edges_startPoint.x,siteModel_buildings_polygon_exteriorRing_edges_startPoint.y,siteModel_buildings_polygon_exteriorRing_edges_startPoint.z,siteModel_buildings_polygon_exteriorRing_edges_endPoint.x,siteModel_buildings_polygon_exteriorRing_edges_endPoint.y,siteModel_buildings_polygon_exteriorRing_edges_endPoint.z,id,installationId
0,0,,0.0,0.0,None,,-525.1692913385892,-256.83070866089145,0.0,-525.1692913385891,-256.83070866089145,0.0,10,10
1,0,,0.0,0.0,None,,-525.1692913385891,-256.83070866089145,0.0,-525.8661417322835,-200.50393700787404,0.0,10,10
2,0,,0.0,0.0,None,,-525.8661417322835,-200.50393700787404,0.0,-509.80709632117595,-200.30630459247715,0.0,10,10
3,0,,0.0,0.0,None,,-509.80709632117595,-200.30630459247715,0.0,-513.5157480314961,98.47244094488188,0.0,10,10
4,0,,0.0,0.0,None,,-513.5157480314961,98.47244094488188,0.0,-503.1062921871769,98.60179559120412,0.0,10,10
5,0,,0.0,0.0,None,,-503.1062921871769,98.60179559120412,0.0,-505.5039369708411,291.97637496598145,0.0,10,10
6,0,,0.0,0.0,None,,-505.5039369708411,291.97637496598145,0.0,-508.3937007874016,524.9291338582677,0.0,10,10
7,0,,0.0,0.0,None,,-508.3937007874016,524.9291338582677,0.0,448.2755905511811,536.7992125984252,0.0,10,10
8,0,,0.0,0.0,None,,448.2755905511811,536.7992125984252,0.0,451.1653542392615,303.846464064754,0.0,10,10
9,0,,0.0,0.0,None,,451.1653542392615,303.846464064754,0.0,453.8818897637795,85.11811023622047,0.0,10,10
10,0,,0.0,0.0,None,,453.8818897637795,85.11811023622047,0.0,291.72535269527856,83.1062620695173,0.0,10,10
11,0,,0.0,0.0,None,,291.72535269527856,83.1062620695173,0.0,293.96851544711427,-97.43006022541556,0.0,10,10
12,0,,0.0,0.0,None,,293.96851544711427,-97.43006022541556,0.0,409.0984251968504,-95.33464566929136,0.0,10,10
13,0,,0.0,0.0,None,,409.0984251968504,-95.33464566929136,0.0,412.5629919917695,-285.6653469574352,0.0,10,10
14,0,,0.0,0.0,None,,412.5629919917695,-285.6653469574352,0.0,415.9133858267717,-469.5748031496063,0.0,10,10
15,0,,0.0,0.0,None,,415.9133858267717,-469.5748031496063,0.0,125.85039370078742,-474.8543307086614,0.0,10,10
16,0,,0.0,0.0,None,,125.85039370078742,-474.8543307086614,0.0,122.82882570753377,-308.8031729429378,0.0,10,10
17,0,,0.0,0.0,None,,122.82882570753377,-308.8031729429378,0.0,-52.51968503937008,-310.9763779527559,0.0,10,10
18,0,,0.0,0.0,None,,-52.51968503937008,-310.9763779527559,0.0,-54.36044587280407,-162.57792980007375,0.0,10,10
19,0,,0.0,0.0,None,,-54.36044587280407,-162.57792980007375,0.0,-55.44881889763781,-161.5708661417323,0.0,10,10
20,0,,0.0,0.0,None,,-55.44881889763781,-161.5708661417323,0.0,-166.80708661417324,-162.92519685039372,0.0,10,10
21,0,,0.0,0.0,None,,-166.80708661417324,-162.92519685039372,0.0,-167.95669291338584,-68.38188976377955,0.0,10,10
22,0,,0.0,0.0,None,,-167.95669291338584,-68.38188976377955,0.0,-167.9566929133859,-68.38188976377954,0.0,10,10
23,0,,0.0,0.0,None,,-167.9566929133859,-68.38188976377954,0.0,-167.95669291338584,-68.38188976377954,0.0,10,10
24,0,,0.0,0.0,None,,-167.95669291338584,-68.38188976377954,0.0,-56.598425196850386,-67.0275590551181,0.0,10,10
25,0,,0.0,0.0,None,,-56.598425196850386,-67.0275590551181,0.0,-55.55820482017047,-66.01700465339223,0.0,10,10
26,0,,0.0,0.0,None,,-55.55820482017047,-66.01700465339223,0.0,-56.893623017394695,41.64173324642959,0.0,10,10
27,0,,0.0,0.0,None,,-56.893623017394695,41.64173324642959,0.0,-172.62892449766892,40.20867375944725,0.0,10,10
28,0,,0.0,0.0,None,,-172.62892449766892,40.20867375944725,0.0,-171.2815393649889,-68.42232629124466,0.0,10,10
29,0,,0.0,0.0,None,,-171.2815393649889,-68.42232629124466,0.0,-170.0700723095706,-166.09512567622272,0.0,10,10
30,0,,0.0,0.0,None,,-170.0700723095706,-166.09512567622272,0.0,-165.51181102362204,-533.5984251968504,0.0,10,10
31,0,,0.0,0.0,None,,-165.51181102362204,-533.5984251968504,0.0,-334.56700918968824,-535.6962532798483,0.0,10,10
32,0,,0.0,0.0,None,,-334.56700918968824,-535.6962532798483,0.0,-505.6220472440945,-537.8188976377953,0.0,10,10
33,0,,0.0,0.0,None,,-505.6220472440945,-537.8188976377953,0.0,-508.40944470969,-312.95702440688405,0.0,10,10
34,0,,0.0,0.0,None,,-508.40944470969,-312.95702440688405,0.0,-524.4685039370079,-313.15748031496065,0.0,10,10
35,0,,0.0,0.0,None,,-524.4685039370079,-313.15748031496065,0.0,-525.1568511885105,-257.8306031955895,0.0,10,10
36,0,,0.0,0.0,None,,-525.1568511885105,-257.8306031955895,0.0,-525.1692913385892,-256.83070866089145,0.0,10,10
0,0,,0.0,0.0,,None,103.40748368435304,-235.570874800654,0.0,98.364176376,-141.9291384,0.0,9,9
1,0,,0.0,0.0,,None,98.364176376,-141.9291384,0.0,122.84054968421228,-140.61013992794977,0.0,9,9
2,0,,0.0,0.0,,None,122.84054968421228,-140.61013992794977,0.0,111.22258850735416,75.13118658192755,0.0,9,9
3,0,,0.0,0.0,,None,111.22258850735416,75.13118658192755,0.0,-151.498036344,60.98425392,0.0,9,9
4,0,,0.0,0.0,,None,-151.498036344,60.98425392,0.0,-159.0399970362699,201.04187411540735,0.0,9,9
5,0,,0.0,0.0,,None,-159.0399970362699,201.04187411540735,0.0,-166.474414776,339.102373056,0.0,9,9
6,0,,0.0,0.0,,None,-166.474414776,339.102373056,0.0,547.001986008,377.523634128,0.0,9,9
7,0,,0.0,0.0,,None,547.001986008,377.523634128,0.0,552.672616482812,272.2347682899658,0.0,9,9
8,0,,0.0,0.0,,None,552.672616482812,272.2347682899658,0.0,558.450805272,164.948824176,0.0,9,9
9,0,,0.0,0.0,,None,558.450805272,164.948824176,0.0,526.8838751280001,163.24803672,0.0,9,9
10,0,,0.0,0.0,,None,526.8838751280001,163.24803672,0.0,544.5767890799999,-165.29528088,0.0,9,9
11,0,,0.0,0.0,,None,544.5767890799999,-165.29528088,0.0,521.805134808,-166.523627376,0.0,9,9
12,0,,0.0,0.0,,None,521.805134808,-166.523627376,0.0,529.348442136,-306.551190912,0.0,9,9
13,0,,0.0,0.0,,None,529.348442136,-306.551190912,0.0,108.450790872,-329.216545968,0.0,9,9
14,0,,0.0,0.0,,None,108.450790872,-329.216545968,0.0,103.40748368435304,-235.570874800654,0.0,9,9
15,0,,0.0,0.0,,None,-558.450805272,-130.43307504,0.0,-496.8990010618562,-128.24033075607872,0.0,9,9
16,0,,0.0,0.0,,None,-496.8990010618562,-128.24033075607872,0.0,-495.8996221145401,-128.20472851009552,0.0,9,9
17,0,,0.0,0.0,,None,-495.8996221145401,-128.20472851009552,0.0,-346.15158588,-122.870082672,0.0,9,9
18,0,,0.0,0.0,,None,-346.15158588,-122.870082672,0.0,-337.348435992,-369.964578768,0.0,9,9
19,0,,0.0,0.0,,None,-337.348435992,-369.964578768,0.0,-487.0964601649146,-375.295287168729,0.0,9,9
20,0,,0.0,0.0,,None,-487.0964601649146,-375.295287168729,0.0,-549.651592392,-377.523634128,0.0,9,9
21,0,,0.0,0.0,,None,-549.651592392,-377.523634128,0.0,-558.450805272,-130.43307504,0.0,9,9
0,0,,0.0,0.0,,None,911.7398926436044,335.715595369632,0.0,1070.13504346191,335.711851762903,0.0,2,2
1,0,,0.0,0.0,,None,1070.13504346191,335.711851762903,0.0,1070.12742071335,-90.4721264641469,0.0,2,2
2,0,,0.0,0.0,,None,1070.12742071335,-90.4721264641469,0.0,911.732281711464,-90.4683828576975,0.0,2,2
3,0,,0.0,0.0,,None,911.732281711464,-90.4683828576975,0.0,753.341240417301,-90.4683828574191,0.0,2,2
4,0,,0.0,0.0,,None,753.341240417301,-90.4683828574191,0.0,753.348863165859,335.715595369631,0.0,2,2
5,0,,0.0,0.0,,None,753.348863165859,335.715595369631,0.0,911.7398926436044,335.715595369632,0.0,2,2
6,0,,0.0,0.0,,None,691.559853176673,644.236563321371,0.0,509.339518671377,492.055988051827,0.0,2,2
7,0,,0.0,0.0,,None,509.339518671377,492.055988051827,0.0,449.5331471005271,563.6688058434962,0.0,2,2
8,0,,0.0,0.0,,None,449.5331471005271,563.6688058434962,0.0,388.44475413754105,636.816730379624,0.0,2,2
9,0,,0.0,0.0,,None,388.44475413754105,636.816730379624,0.0,570.665088642837,788.997305649168,0.0,2,2
10,0,,0.0,0.0,,None,570.665088642837,788.997305649168,0.0,630.4714602136869,717.3844878574988,0.0,2,2
11,0,,0.0,0.0,,None,630.4714602136869,717.3844878574988,0.0,691.559853176673,644.236563321371,0.0,2,2
12,0,,0.0,0.0,,None,-986.1468825244698,-623.313074098546,0.0,-1060.31558600709,-540.165166696636,0.0,2,2
13,0,,0.0,0.0,,None,-1060.31558600709,-540.165166696636,0.0,-805.863989989649,-313.189259733158,0.0,2,2
14,0,,0.0,0.0,,None,-805.863989989649,-313.189259733158,0.0,-772.1373150547367,-351.0007327763348,0.0,2,2
15,0,,0.0,0.0,,None,-772.1373150547367,-351.0007327763348,0.0,-639.060753256353,-238.609283530104,0.0,2,2
16,0,,0.0,0.0,,None,-639.060753256353,-238.609283530104,0.0,-668.598190046942,-203.166564738115,0.0,2,2
17,0,,0.0,0.0,,None,-668.598190046942,-203.166564738115,0.0,-690.664284196238,-177.041508906597,0.0,2,2
18,0,,0.0,0.0,,None,-690.664284196238,-177.041508906597,0.0,-674.3785346130958,-163.28643242637307,0.0,2,2
19,0,,0.0,0.0,,None,-674.3785346130958,-163.28643242637307,0.0,-710.9876895478841,-120.88892895647,0.0,2,2
20,0,,0.0,0.0,,None,-710.9876895478841,-120.88892895647,0.0,-718.2431010739641,-112.4906204927134,0.0,2,2
21,0,,0.0,0.0,,None,-718.2431010739641,-112.4906204927134,0.0,-718.8966848065089,-111.73408204669256,0.0,2,2
22,0,,0.0,0.0,,None,-718.8966848065089,-111.73408204669256,0.0,-783.108890183849,-37.3706185207653,0.0,2,2
23,0,,0.0,0.0,,None,-783.108890183849,-37.3706185207653,0.0,-755.916629981929,-13.889493871689474,0.0,2,2
24,0,,0.0,0.0,,None,-755.916629981929,-13.889493871689474,0.0,-867.495954428823,115.327796739861,0.0,2,2
25,0,,0.0,0.0,,None,-867.495954428823,115.327796739861,0.0,-789.2836859319475,182.86787108462008,0.0,2,2
26,0,,0.0,0.0,,None,-789.2836859319475,182.86787108462008,0.0,-788.5268491208936,183.52143625371448,0.0,2,2
27,0,,0.0,0.0,,None,-788.5268491208936,183.52143625371448,0.0,-679.643989164278,277.538115355145,0.0,2,2
28,0,,0.0,0.0,,None,-679.643989164278,277.538115355145,0.0,-628.904329116377,218.77464712607105,0.0,2,2
29,0,,0.0,0.0,,None,-628.904329116377,218.77464712607105,0.0,-389.967964645518,425.09664126711607,0.0,2,2
30,0,,0.0,0.0,,None,-389.967964645518,425.09664126711607,0.0,-381.74572191396567,415.5746685919026,0.0,2,2
31,0,,0.0,0.0,,None,-381.74572191396567,415.5746685919026,0.0,-297.19437875783393,488.915984696383,0.0,2,2
32,0,,0.0,0.0,,None,-297.19437875783393,488.915984696383,0.0,-324.037346409075,519.959276651759,0.0,2,2
33,0,,0.0,0.0,,None,-324.037346409075,519.959276651759,0.0,-238.48301502614183,593.9293416405219,0.0,2,2
34,0,,0.0,0.0,,None,-238.48301502614183,593.9293416405219,0.0,-237.72654194425309,594.5833864109627,0.0,2,2
35,0,,0.0,0.0,,None,-237.72654194425309,594.5833864109627,0.0,-237.72654194425303,594.5833864109627,0.0,2,2
36,0,,0.0,0.0,,None,-237.72654194425303,594.5833864109627,0.0,-151.415548610509,669.203563695471,0.0,2,2
37,0,,0.0,0.0,,None,-151.415548610509,669.203563695471,0.0,84.9765401642812,395.551658058206,0.0,2,2
38,0,,0.0,0.0,,None,84.9765401642812,395.551658058206,0.0,-1.9696155313231287,320.3778597839445,0.0,2,2
39,0,,0.0,0.0,,None,-1.9696155313231287,320.3778597839445,0.0,-1.9696155313231245,320.3778597839445,0.0,2,2
40,0,,0.0,0.0,,None,-1.9696155313231245,320.3778597839445,0.0,-70.86361852825038,260.81198430430874,0.0,2,2
41,0,,0.0,0.0,,None,-70.86361852825038,260.81198430430874,0.0,52.663828891649096,112.415694924209,0.0,2,2
42,0,,0.0,0.0,,None,52.663828891649096,112.415694924209,0.0,-4.8729818919828745,64.52218192120206,0.0,2,2
43,0,,0.0,0.0,,None,-4.8729818919828745,64.52218192120206,0.0,140.964309202041,-110.439540295517,0.0,2,2
44,0,,0.0,0.0,,None,140.964309202041,-110.439540295517,0.0,50.13882482672906,-186.1441399337016,0.0,2,2
45,0,,0.0,0.0,,None,50.13882482672906,-186.1441399337016,0.0,49.37166512239424,-186.78358071042487,0.0,2,2
46,0,,0.0,0.0,,None,49.37166512239424,-186.78358071042487,0.0,49.37166512239423,-186.78358071042487,0.0,2,2
47,0,,0.0,0.0,,None,49.37166512239423,-186.78358071042487,0.0,-41.766268967783894,-262.7471016802509,0.0,2,2
48,0,,0.0,0.0,,None,-41.766268967783894,-262.7471016802509,0.0,-94.1901836038212,-199.854953393307,0.0,2,2
49,0,,0.0,0.0,,None,-94.1901836038212,-199.854953393307,0.0,-78.42451156825248,-186.713423926017,0.0,2,2
50,0,,0.0,0.0,,None,-78.42451156825248,-186.713423926017,0.0,-195.790913303784,-45.9060790507881,0.0,2,2
51,0,,0.0,0.0,,None,-195.790913303784,-45.9060790507881,0.0,-272.79650104083,-110.091459732015,0.0,2,2
52,0,,0.0,0.0,,None,-272.79650104083,-110.091459732015,0.0,-278.24156876532624,-103.5622335584562,0.0,2,2
53,0,,0.0,0.0,,None,-278.24156876532624,-103.5622335584562,0.0,-325.1709377548446,-144.0856907919677,0.0,2,2
54,0,,0.0,0.0,,None,-325.1709377548446,-144.0856907919677,0.0,-325.9278149637512,-144.73925340886544,0.0,2,2
55,0,,0.0,0.0,,None,-325.9278149637512,-144.73925340886544,0.0,-325.92781496375125,-144.7392534088654,0.0,2,2
56,0,,0.0,0.0,,None,-325.92781496375125,-144.7392534088654,0.0,-420.489806091697,-226.389330614614,0.0,2,2
57,0,,0.0,0.0,,None,-420.489806091697,-226.389330614614,0.0,-212.427734515232,-467.66223216767,0.0,2,2
58,0,,0.0,0.0,,None,-212.427734515232,-467.66223216767,0.0,-297.60212997667384,-541.0808160154455,0.0,2,2
59,0,,0.0,0.0,,None,-297.60212997667384,-541.0808160154455,0.0,-382.772441318702,-614.503175556392,0.0,2,2
60,0,,0.0,0.0,,None,-382.772441318702,-614.503175556392,0.0,-595.843996436118,-367.325998484625,0.0,2,2
61,0,,0.0,0.0,,None,-595.843996436118,-367.325998484625,0.0,-557.7156672886031,-334.4587270025026,0.0,2,2
62,0,,0.0,0.0,,None,-557.7156672886031,-334.4587270025026,0.0,-562.957579267034,-328.715708399625,0.0,2,2
63,0,,0.0,0.0,,None,-562.957579267034,-328.715708399625,0.0,-693.5988179721566,-439.04712856521377,0.0,2,2
64,0,,0.0,0.0,,None,-693.5988179721566,-439.04712856521377,0.0,-657.522461647626,-479.488818180975,0.0,2,2
65,0,,0.0,0.0,,None,-657.522461647626,-479.488818180975,0.0,-670.4383043164627,-491.0081854704238,0.0,2,2
66,0,,0.0,0.0,,None,-670.4383043164627,-491.0081854704238,0.0,-581.875823703875,-590.290578727263,0.0,2,2
67,0,,0.0,0.0,,None,-581.875823703875,-590.290578727263,0.0,-817.950922786783,-800.873917815346,0.0,2,2
68,0,,0.0,0.0,,None,-817.950922786783,-800.873917815346,0.0,-906.5118677816891,-701.5901545730376,0.0,2,2
69,0,,0.0,0.0,,None,-906.5118677816891,-701.5901545730376,0.0,-911.974057665064,-706.464725144452,0.0,2,2
70,0,,0.0,0.0,,None,-911.974057665064,-706.464725144452,0.0,-985.4812138033768,-624.0593238647295,0.0,2,2
71,0,,0.0,0.0,,None,-985.4812138033768,-624.0593238647295,0.0,-986.1468825244698,-623.313074098546,0.0,2,2
0,0,,0.0,0.0,,,-448.57709574,526.643404878,0.0,-140.90158179600002,526.643404878,0.0,4,4
1,0,,0.0,0.0,,,-140.90158179600002,526.643404878,0.0,-140.901581796,526.643404878,0.0,4,4
2,0,,0.0,0.0,,,-140.901581796,526.643404878,0.0,-140.901581796,46.6434048780001,0.0,4,4
3,0,,0.0,0.0,,,-140.901581796,46.6434048780001,0.0,-143.920589832,46.6434048780001,0.0,4,4
4,0,,0.0,0.0,,,-143.920589832,46.6434048780001,0.0,-143.920589832,33.1990498740001,0.0,4,4
5,0,,0.0,0.0,,,-143.920589832,33.1990498740001,0.0,-130.987358832,33.1990498740001,0.0,4,4
6,0,,0.0,0.0,,,-130.987358832,33.1990498740001,0.0,-130.987358832,49.28653012200009,0.0,4,4
7,0,,0.0,0.0,,,-130.987358832,49.28653012200009,0.0,-130.987358832,49.2865301220001,0.0,4,4
8,0,,0.0,0.0,,,-130.987358832,49.2865301220001,0.0,27.6226685879999,49.2865301220001,0.0,4,4
9,0,,0.0,0.0,,,27.6226685879999,49.2865301220001,0.0,27.6226685879999,88.5793046220001,0.0,4,4
10,0,,0.0,0.0,,,27.6226685879999,88.5793046220001,0.0,240.873874296,88.5793046220001,0.0,4,4
11,0,,0.0,0.0,,,240.873874296,88.5793046220001,0.0,240.873874296,49.2865301220001,0.0,4,4
12,0,,0.0,0.0,,,240.873874296,49.2865301220001,0.0,436.830436812,49.2865301220001,0.0,4,4
13,0,,0.0,0.0,,,436.830436812,49.2865301220001,0.0,436.8304368120001,49.2865301220001,0.0,4,4
14,0,,0.0,0.0,,,436.8304368120001,49.2865301220001,0.0,436.830436812,49.28653012200005,0.0,4,4
15,0,,0.0,0.0,,,436.830436812,49.28653012200005,0.0,436.830436812,-23.392225157999917,0.0,4,4
16,0,,0.0,0.0,,,436.830436812,-23.392225157999917,0.0,448.57709574,-35.1388840859999,0.0,4,4
17,0,,0.0,0.0,,,448.57709574,-35.1388840859999,0.0,448.57709574,-83.1388840859999,0.0,4,4
18,0,,0.0,0.0,,,448.57709574,-83.1388840859999,0.0,436.830436812,-94.88554301399994,0.0,4,4
19,0,,0.0,0.0,,,436.830436812,-94.88554301399994,0.0,436.830436812,-263.39222515800003,0.0,4,4
20,0,,0.0,0.0,,,436.830436812,-263.39222515800003,0.0,448.57709574,-275.138884086,0.0,4,4
21,0,,0.0,0.0,,,448.57709574,-275.138884086,0.0,448.57709574,-323.138884086,0.0,4,4
22,0,,0.0,0.0,,,448.57709574,-323.138884086,0.0,436.830436812,-334.885543014,0.0,4,4
23,0,,0.0,0.0,,,436.830436812,-334.885543014,0.0,436.830436812,-397.16887378876913,0.0,4,4
24,0,,0.0,0.0,,,436.830436812,-397.16887378876913,0.0,436.830436812,-397.1735837746075,0.0,4,4
25,0,,0.0,0.0,,,436.830436812,-397.1735837746075,0.0,436.830436812,-397.51898233131226,0.0,4,4
26,0,,0.0,0.0,,,436.830436812,-397.51898233131226,0.0,436.8304368119997,-418.31238289763274,0.0,4,4
27,0,,0.0,0.0,,,436.8304368119997,-418.31238289763274,0.0,436.8304368119996,-418.31238289763274,0.0,4,4
28,0,,0.0,0.0,,,436.8304368119996,-418.31238289763274,0.0,436.8304368119996,-418.31238289799967,0.0,4,4
29,0,,0.0,0.0,,,436.8304368119996,-418.31238289799967,0.0,436.8304368116122,-418.31238289763274,0.0,4,4
30,0,,0.0,0.0,,,436.8304368116122,-418.31238289763274,0.0,237.193347156,-418.3123828979999,0.0,4,4
31,0,,0.0,0.0,,,237.193347156,-418.3123828979999,0.0,237.193347156,-506.505273198,0.0,4,4
32,0,,0.0,0.0,,,237.193347156,-506.505273198,0.0,137.611480332,-506.505273198,0.0,4,4
33,0,,0.0,0.0,,,137.611480332,-506.505273198,0.0,137.611480332,-526.643404878,0.0,4,4
34,0,,0.0,0.0,,,137.611480332,-526.643404878,0.0,60.7932024839999,-526.643404878,0.0,4,4
35,0,,0.0,0.0,,,60.7932024839999,-526.643404878,0.0,60.7932024839999,-506.505273198,0.0,4,4
36,0,,0.0,0.0,,,60.7932024839999,-506.505273198,0.0,-36.3861605880002,-506.505273198,0.0,4,4
37,0,,0.0,0.0,,,-36.3861605880002,-506.505273198,0.0,-36.3861605880002,-444.708863898,0.0,4,4
38,0,,0.0,0.0,,,-36.3861605880002,-444.708863898,0.0,-205.85072526,-444.708863898,0.0,4,4
39,0,,0.0,0.0,,,-205.85072526,-444.708863898,0.0,-205.85072526,-397.171054878,0.0,4,4
40,0,,0.0,0.0,,,-205.85072526,-397.171054878,0.0,-395.356252476,-397.171054878,0.0,4,4
41,0,,0.0,0.0,,,-395.356252476,-397.171054878,0.0,-395.356252476,-195.435979218,0.0,4,4
42,0,,0.0,0.0,,,-395.356252476,-195.435979218,0.0,-448.57709574,-195.435979218,0.0,4,4
43,0,,0.0,0.0,,,-448.57709574,-195.435979218,0.0,-448.57709574,526.643404878,0.0,4,4
0,0,,0.0,0.0,,None,-340.277569944,139.368114696,0.0,-142.037509362,165.931878211,0.0,6,6
1,0,,0.0,0.0,,None,-142.037509362,165.931878211,0.0,-142.360240776,168.340556568,0.0,6,6
2,0,,0.0,0.0,,None,-142.360240776,168.340556568,0.0,-13.798084107,185.566618939,0.0,6,6
3,0,,0.0,0.0,,None,-13.798084107,185.566618939,0.0,-14.57677212,186.163391784,0.0,6,6
4,0,,0.0,0.0,,None,-14.57677212,186.163391784,0.0,288.683080104,225.899613528,0.0,6,6
5,0,,0.0,0.0,,None,288.683080104,225.899613528,0.0,327.694892376,200.202762312,0.0,6,6
6,0,,0.0,0.0,,None,327.694892376,200.202762312,0.0,340.277569944,106.316932536,0.0,6,6
7,0,,0.0,0.0,,None,340.277569944,106.316932536,0.0,320.155758347,73.882097419,0.0,6,6
8,0,,0.0,0.0,,None,320.155758347,73.882097419,0.0,334.836624888,-35.667323976,0.0,6,6
9,0,,0.0,0.0,,None,334.836624888,-35.667323976,0.0,310.32110952,-38.950757382,0.0,6,6
10,0,,0.0,0.0,,None,310.32110952,-38.950757382,0.0,312.553159608,-55.608269496,0.0,6,6
11,0,,0.0,0.0,,None,312.553159608,-55.608269496,0.0,174.175179013,-74.151402474,0.0,6,6
12,0,,0.0,0.0,,None,174.175179013,-74.151402474,0.0,184.151580696,-148.600398456,0.0,6,6
13,0,,0.0,0.0,,None,184.151580696,-148.600398456,0.0,140.017904797,-154.513759848,0.0,6,6
14,0,,0.0,0.0,,None,140.017904797,-154.513759848,0.0,141.509847048,-165.651580104,0.0,6,6
15,0,,0.0,0.0,,None,141.509847048,-165.651580104,0.0,-91.014920186,-196.809213871,0.0,6,6
16,0,,0.0,0.0,,None,-91.014920186,-196.809213871,0.0,-90.71850684,-199.021659912,0.0,6,6
17,0,,0.0,0.0,,None,-90.71850684,-199.021659912,0.0,-291.332686488,-225.899613528,0.0,6,6
18,0,,0.0,0.0,,None,-291.332686488,-225.899613528,0.0,-340.277569944,139.368114696,0.0,6,6
0,0,,0.0,0.0,,None,472.198791503906,211.976379394531,0.0,472.1555175787243,257.88975461311713,0.0,7,7
1,0,,0.0,0.0,,None,472.1555175787243,257.88975461311713,0.0,472.112182617188,303.803146362305,0.0,7,7
2,0,,0.0,0.0,,None,472.112182617188,303.803146362305,0.0,769.549194335938,304.074813842773,0.0,7,7
3,0,,0.0,0.0,,None,769.549194335938,304.074813842773,0.0,769.5885619746733,258.1614659348004,0.0,7,7
4,0,,0.0,0.0,,None,769.5885619746733,258.1614659348004,0.0,769.631896972656,212.248031616211,0.0,7,7
5,0,,0.0,0.0,,None,769.631896972656,212.248031616211,0.0,472.198791503906,211.976379394531,0.0,7,7
6,0,,0.0,0.0,,None,74.5807189941406,-270.984252929688,0.0,74.5807189941406,-123.059051513672,0.0,7,7
7,0,,0.0,0.0,,None,74.5807189941406,-123.059051513672,0.0,227.045288085938,-123.059051513672,0.0,7,7
8,0,,0.0,0.0,,None,227.045288085938,-123.059051513672,0.0,227.045288085938,-270.984252929688,0.0,7,7
9,0,,0.0,0.0,,None,227.045288085938,-270.984252929688,0.0,74.5807189941406,-270.984252929688,0.0,7,7
10,0,,0.0,0.0,,None,-346.2303161628597,268.5118255615337,0.0,-156.435039520264,265.799209594727,0.0,7,7
11,0,,0.0,0.0,,None,-156.435039520264,265.799209594727,0.0,-157.85551923028265,166.4685011383995,0.0,7,7
12,0,,0.0,0.0,,None,-157.85551923028265,166.4685011383995,0.0,1.6082763671875,165.5,0.0,7,7
13,0,,0.0,0.0,,None,1.6082763671875,165.5,0.0,1.0610056586953165,75.2693046198373,0.0,7,7
14,0,,0.0,0.0,,None,1.0610056586953165,75.2693046198373,0.0,74.31298828125,74.6968536376953,0.0,7,7
15,0,,0.0,0.0,,None,74.31298828125,74.6968536376953,0.0,73.0098571777344,-91.2598419189453,0.0,7,7
16,0,,0.0,0.0,,None,73.0098571777344,-91.2598419189453,0.0,60.225746484782576,-102.72144893375568,0.0,7,7
17,0,,0.0,0.0,,None,60.225746484782576,-102.72144893375568,0.0,58.76428974996773,-204.98435242829115,0.0,7,7
18,0,,0.0,0.0,,None,58.76428974996773,-204.98435242829115,0.0,58.74999999999031,-205.98425293036576,0.0,7,7
19,0,,0.0,0.0,,None,58.74999999999031,-205.98425293036576,0.0,57.2539367675781,-310.563003540039,0.0,7,7
20,0,,0.0,0.0,,None,57.2539367675781,-310.563003540039,0.0,-164.63186158768514,-307.39188648829577,0.0,7,7
21,0,,0.0,0.0,,None,-164.63186158768514,-307.39188648829577,0.0,-164.738187789917,-314.818893432617,0.0,7,7
22,0,,0.0,0.0,,None,-164.738187789917,-314.818893432617,0.0,-354.5295153198518,-312.10237136520675,0.0,7,7
23,0,,0.0,0.0,,None,-354.5295153198518,-312.10237136520675,0.0,-544.324798583984,-309.389755249023,0.0,7,7
24,0,,0.0,0.0,,None,-544.324798583984,-309.389755249023,0.0,-539.2995580310127,42.26381183208671,0.0,7,7
25,0,,0.0,0.0,,None,-539.2995580310127,42.26381183208671,0.0,-769.631896972656,45.5590591430664,0.0,7,7
26,0,,0.0,0.0,,None,-769.631896972656,45.5590591430664,0.0,-767.7066650431887,180.18897981403455,0.0,7,7
27,0,,0.0,0.0,,None,-767.7066650431887,180.18897981403455,0.0,-765.781494140625,314.818893432617,0.0,7,7
28,0,,0.0,0.0,,None,-765.781494140625,314.818893432617,0.0,-492.194885253906,310.905502319336,0.0,7,7
29,0,,0.0,0.0,,None,-492.194885253906,310.905502319336,0.0,-492.76970068386817,270.60512691001867,0.0,7,7
30,0,,0.0,0.0,,None,-492.76970068386817,270.60512691001867,0.0,-347.23021521077175,268.52610902554704,0.0,7,7
31,0,,0.0,0.0,,None,-347.23021521077175,268.52610902554704,0.0,-346.2303161628597,268.5118255615337,0.0,7,7
0,0,,0.0,0.0,,None,-47.458885994,-202.807644564,0.0,-47.458718843,-202.797004248,0.0,1,1
1,0,,0.0,0.0,,None,-47.458718843,-202.797004248,0.0,-47.443181038,-201.807918241,0.0,1,1
2,0,,0.0,0.0,,None,-47.443181038,-201.807918241,0.0,-43.217912832,67.1588859,0.0,1,1
3,0,,0.0,0.0,,None,-43.217912832,67.1588859,0.0,64.768763475,65.462495628,0.0,1,1
4,0,,0.0,0.0,,None,64.768763475,65.462495628,0.0,70.234909896,413.419563732,0.0,1,1
5,0,,0.0,0.0,,None,70.234909896,413.419563732,0.0,261.211336705,410.419466282,0.0,1,1
6,0,,0.0,0.0,,None,261.211336705,410.419466282,0.0,340.526494486,409.173484218,0.0,1,1
7,0,,0.0,0.0,,None,340.526494486,409.173484218,0.0,341.175800616,450.50619678,0.0,1,1
8,0,,0.0,0.0,,None,341.175800616,450.50619678,0.0,425.165437752,449.186782128,0.0,1,1
9,0,,0.0,0.0,,None,425.165437752,449.186782128,0.0,424.516131613,407.854069564,0.0,1,1
10,0,,0.0,0.0,,None,424.516131613,407.854069564,0.0,454.206559615,407.387655049,0.0,1,1
11,0,,0.0,0.0,,None,454.206559615,407.387655049,0.0,628.166070828,404.654880672,0.0,1,1
12,0,,0.0,0.0,,None,628.166070828,404.654880672,0.0,625.165973378,213.678453863,0.0,1,1
13,0,,0.0,0.0,,None,625.165973378,213.678453863,0.0,625.150021179,212.662988846,0.0,1,1
14,0,,0.0,0.0,,None,625.150021179,212.662988846,0.0,625.14885706,212.588884828,0.0,1,1
15,0,,0.0,0.0,,None,625.14885706,212.588884828,0.0,625.147408715,212.496687871,0.0,1,1
16,0,,0.0,0.0,,None,625.147408715,212.496687871,0.0,622.13446098,20.702253804,0.0,1,1
17,0,,0.0,0.0,,None,622.13446098,20.702253804,0.0,448.155926928,23.435327016,0.0,1,1
18,0,,0.0,0.0,,None,448.155926928,23.435327016,0.0,440.71065852,-450.50619678,0.0,1,1
19,0,,0.0,0.0,,None,440.71065852,-450.50619678,0.0,249.734231711,-447.50609933,0.0,1,1
20,0,,0.0,0.0,,None,249.734231711,-447.50609933,0.0,57.172198243,-444.481093181,0.0,1,1
21,0,,0.0,0.0,,None,57.172198243,-444.481093181,0.0,56.758522968,-444.47459465,0.0,1,1
22,0,,0.0,0.0,,None,56.758522968,-444.47459465,0.0,56.758522967,-444.474594651,0.0,1,1
23,0,,0.0,0.0,,None,56.758522967,-444.474594651,0.0,56.75789243,-444.474584745,0.0,1,1
24,0,,0.0,0.0,,None,56.75789243,-444.474584745,0.0,56.757168692,-444.474573376,0.0,1,1
25,0,,0.0,0.0,,None,56.757168692,-444.474573376,0.0,54.999847488,-444.446967168,0.0,1,1
26,0,,0.0,0.0,,None,54.999847488,-444.446967168,0.0,54.344091774,-444.436665734,0.0,1,1
27,0,,0.0,0.0,,None,54.344091774,-444.436665734,0.0,-51.228644664,-442.77819666,0.0,1,1
28,0,,0.0,0.0,,None,-51.228644664,-442.77819666,0.0,-49.343680117,-322.787496324,0.0,1,1
29,0,,0.0,0.0,,None,-49.343680117,-322.787496324,0.0,-47.757327698,-221.805470891,0.0,1,1
30,0,,0.0,0.0,,None,-47.757327698,-221.805470891,0.0,-47.481089841,-204.221069111,0.0,1,1
31,0,,0.0,0.0,,None,-47.481089841,-204.221069111,0.0,-47.458885994,-202.807644564,0.0,1,1
32,0,,0.0,0.0,,None,-628.166070828,120.38029188,0.0,-625.150265904,312.356605308,0.0,1,1
33,0,,0.0,0.0,,None,-625.150265904,312.356605308,0.0,-616.380862954,312.218844518,0.0,1,1
34,0,,0.0,0.0,,None,-616.380862954,312.218844518,0.0,-614.537589636,429.555616428,0.0,1,1
35,0,,0.0,0.0,,None,-614.537589636,429.555616428,0.0,-392.564977236,426.068591988,0.0,1,1
36,0,,0.0,0.0,,None,-392.564977236,426.068591988,0.0,-394.408250544,308.731820077,0.0,1,1
37,0,,0.0,0.0,,None,-394.408250544,308.731820077,0.0,-385.179874116,308.586849156,0.0,1,1
38,0,,0.0,0.0,,None,-385.179874116,308.586849156,0.0,-388.19567904,116.610535716,0.0,1,1
39,0,,0.0,0.0,,None,-388.19567904,116.610535716,0.0,-628.166070828,120.38029188,0.0,1,1
0,0,,0.0,0.0,,None,-260.784057738,478.539982854,0.0,-105.173119626,478.539982854,0.0,5,5
1,0,,0.0,0.0,,None,-105.173119626,478.539982854,0.0,-105.173119626,512.899889178,0.0,5,5
2,0,,0.0,0.0,,None,-105.173119626,512.899889178,0.0,27.3662282819998,512.899889178,0.0,5,5
3,0,,0.0,0.0,,None,27.3662282819998,512.899889178,0.0,27.3662282819998,478.539982854,0.0,5,5
4,0,,0.0,0.0,,None,27.3662282819998,478.539982854,0.0,260.784057738,478.539982854,0.0,5,5
5,0,,0.0,0.0,,None,260.784057738,478.539982854,0.0,260.784057738,-341.901178086,0.0,5,5
6,0,,0.0,0.0,,None,260.784057738,-341.901178086,0.0,-260.784057738,-341.901178086,0.0,5,5
7,0,,0.0,0.0,,None,-260.784057738,-341.901178086,0.0,-260.784057738,478.539982854,0.0,5,5
8,0,,0.0,0.0,,None,119.103694758,-424.010052642,0.0,205.149906462,-424.010052642,0.0,5,5
9,0,,0.0,0.0,,None,205.149906462,-424.010052642,0.0,205.149906462,-512.899889178,0.0,5,5
10,0,,0.0,0.0,,None,205.149906462,-512.899889178,0.0,119.103694758,-512.899889178,0.0,5,5
11,0,,0.0,0.0,,None,119.103694758,-512.899889178,0.0,119.103694758,-424.010052642,0.0,5,5
0,0,,0.0,0.0,,None,-429.933084624,48.46456848,0.0,-393.56300472,101.874019008,0.0,8,8
1,0,,0.0,0.0,,None,-393.56300472,101.874019008,0.0,-265.886071738,129.682188705,0.0,8,8
2,0,,0.0,0.0,,None,-265.886071738,129.682188705,0.0,-266.69299821,133.374370293,0.0,8,8
3,0,,0.0,0.0,,None,-266.69299821,133.374370293,0.0,-311.566615104,339.406660651,0.0,8,8
4,0,,0.0,0.0,,None,-311.566615104,339.406660651,0.0,-311.688986352,339.968514816,0.0,8,8
5,0,,0.0,0.0,,None,-311.688986352,339.968514816,0.0,-311.688986441,339.968515227,0.0,8,8
6,0,,0.0,0.0,,None,-311.688986441,339.968515227,0.0,-313.972450992,350.460641136,0.0,8,8
7,0,,0.0,0.0,,None,-313.972450992,350.460641136,0.0,-146.376879044,386.960877165,0.0,8,8
8,0,,0.0,0.0,,None,-146.376879044,386.960877165,0.0,-173.547237788,511.716497353,0.0,8,8
9,0,,0.0,0.0,,None,-173.547237788,511.716497353,0.0,-174.05512368,514.047260544,0.0,8,8
10,0,,0.0,0.0,,None,-174.05512368,514.047260544,0.0,61.925189568,570.566945173,0.0,8,8
11,0,,0.0,0.0,,None,61.925189568,570.566945173,0.0,129.988193136,586.87009752,0.0,8,8
12,0,,0.0,0.0,,None,129.988193136,586.87009752,0.0,131.224949897,581.623728077,0.0,8,8
13,0,,0.0,0.0,,None,131.224949897,581.623728077,0.0,282.452764944,617.496082752,0.0,8,8
14,0,,0.0,0.0,,None,282.452764944,617.496082752,0.0,313.554568262,474.684932568,0.0,8,8
15,0,,0.0,0.0,,None,313.554568262,474.684932568,0.0,344.145680304,481.350409104,0.0,8,8
16,0,,0.0,0.0,,None,344.145680304,481.350409104,0.0,360.582464055,405.894339172,0.0,8,8
17,0,,0.0,0.0,,None,360.582464055,405.894339172,0.0,360.795287136,404.917335792,0.0,8,8
18,0,,0.0,0.0,,None,360.795287136,404.917335792,0.0,360.795289014,404.917327169,0.0,8,8
19,0,,0.0,0.0,,None,360.795289014,404.917327169,0.0,360.795291572,404.917315426,0.0,8,8
20,0,,0.0,0.0,,None,360.795291572,404.917315426,0.0,382.177177584,306.740167296,0.0,8,8
21,0,,0.0,0.0,,None,382.177177584,306.740167296,0.0,221.798842655,271.812762966,0.0,8,8
22,0,,0.0,0.0,,None,221.798842655,271.812762966,0.0,228.464902636,241.215035788,0.0,8,8
23,0,,0.0,0.0,,None,228.464902636,241.215035788,0.0,298.216544976,256.405520016,0.0,8,8
24,0,,0.0,0.0,,None,298.216544976,256.405520016,0.0,322.082685214,146.822849713,0.0,8,8
25,0,,0.0,0.0,,None,322.082685214,146.822849713,0.0,344.42914488,44.228347872,0.0,8,8
26,0,,0.0,0.0,,None,344.42914488,44.228347872,0.0,326.653802871,40.357125268,0.0,8,8
27,0,,0.0,0.0,,None,326.653802871,40.357125268,0.0,365.969625237,-140.153306214,0.0,8,8
28,0,,0.0,0.0,,None,365.969625237,-140.153306214,0.0,383.744106768,-136.283468928,0.0,8,8
29,0,,0.0,0.0,,None,383.744106768,-136.283468928,0.0,404.464363217,-231.416608,0.0,8,8
30,0,,0.0,0.0,,None,404.464363217,-231.416608,0.0,404.677178304,-232.393708224,0.0,8,8
31,0,,0.0,0.0,,None,404.677178304,-232.393708224,0.0,404.677179612,-232.393714229,0.0,8,8
32,0,,0.0,0.0,,None,404.677179612,-232.393714229,0.0,429.933084624,-348.358278864,0.0,8,8
33,0,,0.0,0.0,,None,429.933084624,-348.358278864,0.0,354.606388719,-364.76415026,0.0,8,8
34,0,,0.0,0.0,,None,354.606388719,-364.76415026,0.0,391.75198104,-535.409465952,0.0,8,8
35,0,,0.0,0.0,,None,391.75198104,-535.409465952,0.0,14.64566976,-617.496082752,0.0,8,8
36,0,,0.0,0.0,,None,14.64566976,-617.496082752,0.0,-22.491918951,-446.894669455,0.0,8,8
37,0,,0.0,0.0,,None,-22.491918951,-446.894669455,0.0,-79.988191536,-459.417337536,0.0,8,8
38,0,,0.0,0.0,,None,-79.988191536,-459.417337536,0.0,-117.079264431,-289.119666578,0.0,8,8
39,0,,0.0,0.0,,None,-117.079264431,-289.119666578,0.0,-240.960637632,-316.10237232,0.0,8,8
40,0,,0.0,0.0,,None,-240.960637632,-316.10237232,0.0,-267.972227697,-192.087338135,0.0,8,8
41,0,,0.0,0.0,,None,-267.972227697,-192.087338135,0.0,-268.185047953,-191.110242332,0.0,8,8
42,0,,0.0,0.0,,None,-268.185047953,-191.110242332,0.0,-268.185048455,-191.110240029,0.0,8,8
43,0,,0.0,0.0,,None,-268.185048455,-191.110240029,0.0,-288.779699278,-96.554375216,0.0,8,8
44,0,,0.0,0.0,,None,-288.779699278,-96.554375216,0.0,-345.88583784,-108.992129472,0.0,8,8
45,0,,0.0,0.0,,None,-345.88583784,-108.992129472,0.0,-403.118123136,-83.291341248,0.0,8,8
46,0,,0.0,0.0,,None,-403.118123136,-83.291341248,0.0,-429.933084624,48.46456848,0.0,8,8
0,0,,0.0,0.0,,None,-158.334862374,-247.423764504,0.0,-211.25533311,-247.423764504,0.0,3,3
1,0,,0.0,0.0,,None,-211.25533311,-247.423764504,0.0,-211.25533311,-38.106212844,0.0,3,3
2,0,,0.0,0.0,,None,-211.25533311,-38.106212844,0.0,-158.334862374,-38.106212844,0.0,3,3
3,0,,0.0,0.0,,None,-158.334862374,-38.106212844,0.0,-158.334862374,6.98063293200002,0.0,3,3
4,0,,0.0,0.0,,None,-158.334862374,6.98063293200002,0.0,-181.202320254,6.98063293200002,0.0,3,3
5,0,,0.0,0.0,,None,-181.202320254,6.98063293200002,0.0,-181.202320254,278.305292976,0.0,3,3
6,0,,0.0,0.0,,None,-181.202320254,278.305292976,0.0,-158.334862374,278.305292976,0.0,3,3
7,0,,0.0,0.0,,None,-158.334862374,278.305292976,0.0,-158.334862374,285.169770744,0.0,3,3
8,0,,0.0,0.0,,None,-158.334862374,285.169770744,0.0,211.25533311,285.169770744,0.0,3,3
9,0,,0.0,0.0,,None,211.25533311,285.169770744,0.0,211.25533311,-247.423764504,0.0,3,3
10,0,,0.0,0.0,,None,211.25533311,-247.423764504,0.0,207.658863678,-247.423764504,0.0,3,3
11,0,,0.0,0.0,,None,207.658863678,-247.423764504,0.0,207.658863678,-285.169770744,0.0,3,3
12,0,,0.0,0.0,,None,207.658863678,-285.169770744,0.0,-158.334862374,-285.169770744,0.0,3,3
13,0,,0.0,0.0,,None,-158.334862374,-285.169770744,0.0,-158.334862374,-247.423764504,0.0,3,3
